{
  "project_info": {
    "project_number": "297450415870",
    "project_id": "app102-61eca",
    "storage_bucket": "app102-61eca.appspot.com"
  },
  "client": [
    {
      "client_info": {
        "mobilesdk_app_id": "1:297450415870:android:dd21a91f4ea0ba3fde27af",
        "android_client_info": {
          "package_name": "com.example.a0415"
        }
      },
      "oauth_client": [
        {
          "client_id": "297450415870-odg4u4ern6ls86fns9a8v5ga1ke0np6p.apps.googleusercontent.com",
          "client_type": 3
        }
      ],
      "api_key": [
        {
          "current_key": "AIzaSyDt-wTjVt49cD1SMKB_TEji-AxHkM5nPqo"
        }
      ],
      "services": {
        "appinvite_service": {
          "other_platform_oauth_client": [
            {
              "client_id": "297450415870-odg4u4ern6ls86fns9a8v5ga1ke0np6p.apps.googleusercontent.com",
              "client_type": 3
            }
          ]
        }
      }
    }
  ],
  "configuration_version": "1"
}